name,category,built_in_wcag_aria,testing_utilities,documentation_guidance,ecosystem_community,interoperability_plugins,total_score,key_strengths,key_weaknesses
React Aria,React Library,5,5,5,4,4,23,"Full WCAG AA compliance, extensive testing utilities, cross-platform",Headless requires more styling work
axe-core,Testing Engine,5,5,4,5,5,24,"Industry standard testing engine, wide ecosystem integration","Limited to testing only, no UI components"
React Testing Library,Testing Framework,4,5,5,5,4,23,"Accessibility-first testing philosophy, excellent documentation","React-specific, requires axe integration for full coverage"
Chakra UI,React Library,4,3,4,4,4,19,"Good WCAG compliance, active community, modular architecture",Limited advanced testing utilities
PrimeReact,React Library,4,3,4,3,3,17,"Strong WCAG AA compliance, comprehensive component set","Smaller community, enterprise focus"
Material UI (MUI),React Library,4,2,4,5,3,18,"Large ecosystem, comprehensive documentation, Material Design","Accessibility not primary focus, limited testing tools"
Reka UI,Vue Library,5,4,4,3,3,19,"Accessibility-first Vue components, WAI-ARIA compliant","Vue ecosystem smaller, newer project"
Lighthouse,Audit Tool,3,4,3,4,3,17,"Built into Chrome, Google backing, performance + accessibility","Many false positives, subset of accessibility coverage"
Ant Design,React Library,3,2,4,5,3,17,"Large enterprise adoption, comprehensive component library","Inconsistent ARIA support, accessibility not priority"
React Bootstrap,React Library,3,1,3,4,3,14,"Bootstrap heritage, large community, familiar patterns","Basic accessibility features, no testing utilities"
